id,name,tvg_name,group,reason
3ABNEnglish.us@SD,3ABN English,,Religious,no-safe-match
3ABNFrench.us@SD,3ABN French,,Religious,no-safe-match
3ABNKids.us@SD,3ABN Kids Network,,Animation;Kids;Religious,no-safe-match
3ABNPraiseHimMusicNetwork.us@SD,3ABN Praise Him Music Network,,Music;Religious,no-safe-match
30ADarcizzleOffshore.us@SD,30A Darcizzle Offshore (720p),,Outdoor,no-safe-match
30AGeorgiaHollywoodReview.us@SD,30A Georgia Hollywood Review TV (720p),,Entertainment;News,no-safe-match
30AGolfKingdom.us@SD,30A Golf Kingdom (720p),,Sports,no-safe-match
30AInvestmentPitch.us@SD,30A Investment Pitch (720p),,Business,no-safe-match
30ALionelNation.us@SD,30A Lionel Nation TV,,News,no-safe-match
30ALoomeredTV.us@SD,30A Loomered TV,,Documentary;News,no-safe-match
30ALuxeLifeDiscovered.us@SD,30A Luxe Life Discovered (720p),,Lifestyle,no-safe-match
30AMusic.us@SD,30A Music (720p),,Music,no-safe-match
30ARidiculousTV.us@SD,30A Ridiculous TV (720p),,Comedy,no-safe-match
30ASidewalks.us@SD,30A Sidewalks (720p),,Entertainment,no-safe-match
30ATelevisionChannel.us@SD,30A Television Channel (720p),,Entertainment,no-safe-match
30ATheBeachShow.us@SD,30A The Beach Show (720p),,Shop,no-safe-match
30AWeLoveCars.us@SD,30A We Love Cars (720p),,Auto,no-safe-match
KIIOLD104.us@SD,AABC TV (480p),,Culture,no-safe-match
ABC.us@East,ABC (1080p),,General,no-safe-match
KATU321.us@HD,ABC 2 Portland OR (KATU) (1080p),,General,no-safe-match
WCIV361.us@HD,ABC 4 Charleston SC (WCIV) (1080p),,Undefined,no-safe-match
KOMOTV511.us@HD,ABC 4 Seattle WA (KOMO) (1080p),,General,no-safe-match
KRGVTV51.us@HD,ABC 5,,General,no-safe-match
WCVBTV501.us@SD,ABC 5 Boston MA (WCVB) (720p),,General,no-safe-match
KSTPTV51.us@HD,ABC 5 St. Paul MN (KSTP) (1080p),,General,no-safe-match
KAAL61.us@HD,ABC 6 Austin TX (KAAL) (1080p),,General,no-safe-match
WSYX61.us@HD,ABC 6 Columbus OH (WSYX) (1080p),,Undefined,no-safe-match
KOATTV71.us@HD,ABC 7 Albuquerque NM (KOAT) (720p),,General,no-safe-match
KMGHTV71.us@HD,ABC 7 Denver CO (KMGH) (720p),,General,no-safe-match
WJLATV71.us@HD,ABC 7 Washington DC (WJLA) (1080p),,Undefined,no-safe-match
KGUNTV91.us@HD,ABC 9 Tucson AZ (KGUN) (720p),,General,no-safe-match
WDIODT101.us@HD,ABC 10 Duluth MN (WDIO) (1080p),,Undefined,no-safe-match
KGTV101.us@HD,ABC 10 San Diego CA (KGTV) (720p),,General,no-safe-match
WISNTV121.us@HD,ABC 12 Milwaukee WI (WISN) (720p),,General,no-safe-match
WLOS131.us@HD,ABC 13 Asheville NC (WLOS) (1080p),,Undefined,no-safe-match
KTNVTV331.us@HD,ABC 13 Las Vegas NV (KTNV) (720p),,General,no-safe-match
WPDETV151.us@HD,ABC 15 Myrtle Beach FL (WPDE) (1080p),,Undefined,no-safe-match
KNXVTV611.us@HD,ABC 15 Phoenix AZ (KNXV) (720p),,General,no-safe-match
WKEF451.us@SD,ABC 22 Dayton OH (WKEF) (1080p),,Undefined,no-safe-match
KEROTV231.us@HD,ABC 23 Bakersfield CA (KERO) (720p),,General,no-safe-match
KXXV251.us@HD,ABC 25 News Central Texas (720p),,General,no-safe-match
ABC.us@West,ABC West (720p),,General,no-safe-match
ABNAfghanistan.us@SD,ABN Afghanistan (540p),,Religious,no-safe-match
ABNAfrica.us@SD,ABN Africa (480p),,Religious,no-safe-match
ABNBibleMoviesChannel.us@SD,ABN Bible Movies (720p),,Movies;Religious,no-safe-match
ABNChina.us@SD,ABN China (720p),,Religious,no-safe-match
ABNTVIndia.us@SD,ABN TV India (540p),,Religious,no-safe-match
ABNUrdu.us@SD,ABN Urdu (540p),,Religious,no-safe-match
Access4PAC.us@SD,Access 4 PAC,,General,no-safe-match
Access19.us@SD,Access 19,,General,no-safe-match
AccessHumboldt.us@SD,Access Humboldt (1080p),,General,no-safe-match
AMP1.us@SD,Access Media Productions Channel (720p),,General,no-safe-match
AMP2.us@SD,Access Media Productions Community Channel (720p),,Culture,no-safe-match
TheCityofMarina.us@SD,Access Media Productions Marina TV (720p),,Legislative,no-safe-match
TheMontereyChannel.us@SD,Access Media Productions Monterey Channel (720p),,General,no-safe-match
ThePeninsulaChannel.us@SD,Access Media Productions Peninsula Channel (720p),,Legislative,no-safe-match
AccessNashua.us@SD,Access Nashua (720p),,General,no-safe-match
AccessSacramentoChannel17.us@SD,Access Sacramento Channel 17,,General,no-safe-match
AccessTuolumne.us@SD,Access Tuolumne (Tuolumne County CA) (720p),,General,no-safe-match
AccessVisionChannel16.us@SD,AccessVision Channel 16 (720p),,General,no-safe-match
AccessVisionChannel17.us@SD,AccessVision Channel 17 (720p),,Legislative,no-safe-match
ACTV.us@SD,ACTV,,Legislative,no-safe-match
AFTV.us@SD,AFTV (1080p),,General,no-safe-match
AFVEspanol.us@SD,AFV en Español (720p) [Not 24/7],,Comedy,no-safe-match
Akaku53.us@SD,Akaku 53 (Hawaii) (1080p),,General,no-safe-match
Akaku54.us@SD,Akaku 54 (Hawaii) (1080p),,General,no-safe-match
Akaku55.us@SD,Akaku 55 (Hawaii) (1080p),,General,no-safe-match
AKCTVMeettheBreeds.us@SD,AKC TV Meet The Breeds,,Outdoor,no-safe-match
AKCTVPuppies.us@SD,AKC TV Puppies 24/7,,Outdoor,no-safe-match
AlHorreyaTV.us@SD,Al Horreya TV (1080p),,Religious,no-safe-match
AlFadyTV.us@SD,Al-Fady TV (1080p) [Not 24/7],,Religious,no-safe-match
AlMahdiTV.us@SD,Al-MahdiTV (1080p),,Religious,no-safe-match
AlabamaWeatherNetwork.us@SD,Alabama Weather Network (720p),,Weather,no-safe-match
AlhurraIraq.us@SD,Alhurra Iraq (720p),,News,no-safe-match
AlientoVision.us@SD,Aliento Vision (720p) [Not 24/7],,Religious,no-safe-match
AlkarmaTVAustralia.us@SD,Alkarma TV Australia (1080p),,Religious,no-safe-match
AlkarmaTVFamily.us@SD,Alkarma TV Family (1080p) [Not 24/7],,Religious,no-safe-match
AlkarmaTVMiddleEast.us@SD,Alkarma TV Middle East (1080p) [Not 24/7],,Religious,no-safe-match
AlkarmaTVNorthAmericaCanada.us@SD,Alkarma TV North America & Canada (1080p) [Not 24/7],,Religious,no-safe-match
AlkarmaTVPraise.us@SD,Alkarma TV Praise (720p) [Not 24/7],,Religious,no-safe-match
AlkarmaTVTalmazaDiscipleship.us@SD,Alkarma TV Talmaza (Discipleship) (1080p) [Not 24/7],,Religious,no-safe-match
AlkarmaTVYouthEnglish.us@SD,Alkarma TV Youth & English (1080p) [Not 24/7],,Religious,no-safe-match
AlmagdTVMiddleEast.us@SD,Almagd TV Middle East (1080p) [Not 24/7],,Religious,no-safe-match
AlmagdTVNorthAmerica.us@SD,Almagd TV North America (1080p),,Religious,no-safe-match
AmazingFactsTV.us@SD,Amazing Facts TV (1080p),,Religious,no-safe-match
AbsoluteRealitybyWETV.us@SD,AMC Absolute Reality,,Entertainment,no-safe-match
AmericasTestKitchen.us@SD,America's Test Kitchen (1080p) [Geo-blocked],,Cooking,no-safe-match
AmericasVoice.us@SD,America's Voice (720p),,News,no-safe-match
AmericanHorrors.us@SD,American Horrors (480p),,Movies,no-safe-match
Ameritrade.us@SD,Ameritrade (1080p) [Not 24/7],,Business,no-safe-match
AMGATV.us@SD,Amga TV (720p) [Not 24/7],,General,no-safe-match
KETS21.us@HD,Arkansas PBS [Geo-blocked],,Education,no-safe-match
Armenia1.am@America,Armenia 1 America (1080p),,General,no-safe-match
ARTFLIXMovieClassics.us@SD,Artflix Movie Classics (720p),,Classic;Movies,no-safe-match
ARTNTV.us@SD,ARTN TV (1080p) [Not 24/7],,General,no-safe-match
AsianCultureTV.us@HD,Asian Culture TV (1080p),,General,no-safe-match
KBSV231.us@SD,AssyriaSat (720p) [Not 24/7],,General;Religious,no-safe-match
ATL26.us@SD,ATL 26,,Legislative,no-safe-match
AtlantaChannel.us@SD,Atlanta Channel (720p),,General,no-safe-match
Atlas.us@SD,Atlas (480p),,Documentary,no-safe-match
ATXN1.us@SD,ATXN1 (1080p),,Legislative,no-safe-match
ATXN2.us@SD,ATXN2 (1080p),,General;Legislative,no-safe-match
ATXN3.us@SD,ATXN3 (1080p),,Culture;General,no-safe-match
AuroraTV.us@SD,AuroraTV (Aurora CO) (720p),,General,no-safe-match
AutenticHistory.de@SD,Autentic History (1080p),,Documentary,no-safe-match
AutenticTravel.de@SD,Autentic Travel (1080p),,Lifestyle,no-safe-match
AvangTV.us@SD,Avang TV (1080p),,Music,no-safe-match
AWEInternational.us@SD,AWE International (720p),,General,no-safe-match
BabyFirst.us@US,BabyFirst (720p),,Kids,matched-but-zero-programmes
Backstage.us@SD,Backstage (1080p),,Documentary,no-safe-match
BarkTV.us@SD,Bark TV (1080p),,Entertainment,no-safe-match
BBCKids.us@SD,BBC Kids (720p),,Kids,no-safe-match
BeachTVFloridaAlabama.us@SD,Beach TV Florida & Alabama (720p),,Travel,no-safe-match
BeachTVKeyWestFloridaKeys.us@SD,Beach TV Key West & Florida Keys (720p),,Travel,no-safe-match
BeachTVMyrtleBeachTheGrandStrand.us@SD,Beach TV Myrtle Beach & The Grand Strand (720p),,Travel,no-safe-match
BeachTVPanamaCity.us@SD,Beach TV Panama City (720p),,Travel,no-safe-match
beINSportsUSA.us@SD,beIN Sports USA (1080p) [Geo-blocked],,Sports,no-safe-match
BEKNews.us@SD,BEK TV News (720p),,News,no-safe-match
BerksCommunityTV.us@SD,Berks Community TV (1080p),,General,no-safe-match
BetterHealthTV.us@SD,Better Health TV (480p),,Lifestyle,no-safe-match
BetterLifeNatureChannel.us@SD,Better Life Nature Channel (480p),,Relax,no-safe-match
BetterLifeTV.us@SD,Better Life TV (720p),,Religious,no-safe-match
BHTV10.us@SD,Beverly Hills Television 10 (720p),,Undefined,no-safe-match
BHTV35.us@SD,Beverly Hills Television 35 (720p),,Undefined,no-safe-match
BIGCivicChannel.us@SD,BIG Civic Channel,,General,no-safe-match
BIGCommunityChannel.us@SD,BIG Community Channel,,General,no-safe-match
Binge.us@SD,Binge,,General,no-safe-match
BlackNewsChannel.us@SD,Black News Channel (1080p),,News,no-safe-match
BloombergOriginals.us@SD,Bloomberg Originals (1080p),,Business;Documentary,matched-but-zero-programmes
BATVGovernmentTV.us@SD,Bloomfield Access Government TV (480p),,Legislative,no-safe-match
BATV.us@SD,Bloomfield Access TV Channel 5 (480p),,General,no-safe-match
BMCHDTV.us@SD,BMC-HD TV (720p),,General,no-safe-match
CVCEducation.us@SD,Bolton Community Voice Channel (CVC) Education (Bolton CT) (480p),,Education,no-safe-match
CVCGovernment.us@SD,Bolton Community Voice Channel (CVC) Government (Bolton CT) (480p),,Legislative,no-safe-match
CVCPublic.us@SD,Bolton Community Voice Channel (CVC) Public (Bolton CT) (480p),,General,no-safe-match
Bounce.us@SD,Bounce (1080p),,Undefined,no-safe-match
BPXTVRadio.us@SD,BPX TV Radio,,Music,no-safe-match
BrevardGovernmentAccessTV.us@SD,Brevard County Government Access TV (Brevard FL) (720p),,Legislative,no-safe-match
BPTV.us@SD,Buena Park Television (360p),,Legislative,no-safe-match
TheBurbankChannel.us@SD,Burbank Channel (720p),,General,no-safe-match
BusinessRockstars.us@SD,Business Rockstars (720p),,Business,no-safe-match
BUTV10.us@SD,BUTV10 (Boston University) (1080p) [Not 24/7],,Education,no-safe-match
BXArts.us@SD,BX Arts (720p),,Culture,no-safe-match
BXCulture.us@SD,BX Culture (720p),,Culture,no-safe-match
BXInform.us@SD,BX Inform (1080p),,General;News,no-safe-match
BXInspire.us@SD,BX Inspire (720p),,General;Religious,no-safe-match
BXOmni.us@SD,BX Omni (720p),,General,no-safe-match
CafeTradeTV.ir@SD,Cafe Trade TV,,Business,no-safe-match
CTV.us@SD,Calabasas Channel (480p),,Undefined,no-safe-match
CaliforniaMusicChannel.us@SD,California Music Channel (1080p),,Music,no-safe-match
CameraSmileTV.us@SD,Camera Smile (480p),,Comedy,no-safe-match
CANTV19.us@SD,CAN TV19 (1080p),,General,no-safe-match
CANTV21.us@SD,CAN TV21 (1080p),,General,no-safe-match
CANTV27.us@SD,CAN TV27 (1080p),,General,no-safe-match
CANTV36.us@SD,CAN TV36 (1080p),,General,no-safe-match
CanaldelaFe.us@SD,Canal de la Fe (720p),,Religious,no-safe-match
CityTVCarlsbad.us@SD,Carlsbad City TV Channel (Carlsbad CA) (720p),,General,no-safe-match
CBNEspanol.us@SD,CBN Espanol (1080p),,Religious,no-safe-match
CBNFamily.us@SD,CBN Family (1080p),,Religious,no-safe-match
KUTV21.us@HD,CBS 2 Salt Lake City UT (KUTV) (1080p),,General,no-safe-match
WWMT31.us@HD,CBS 3 Kalamazoo MI (WWMT) (1080p),,Undefined,no-safe-match
KMTVTV31.us@HD,CBS 3 Omaha NE (KMTV) (720p),,General,no-safe-match
KDBCTV41.us@HD,CBS 4 El Paso TX (KDBC) (1080p),,General,no-safe-match
WTVRTV61.us@HD,CBS 6 Richmond VA (WTVR) (720p),,Undefined,no-safe-match
KCCI81.us@HD,CBS 8 Des Moines IA (KCCI) (720p),,General,no-safe-match
KWTVDT91.us@HD,CBS 9 Oklahoma City OK (KWTV-DT1) (720p) [Not 24/7],,General,no-safe-match
WKRCTV121.us@HD,CBS 12 Cincinnati OH (WKRC) (1080p),,Undefined,no-safe-match
WPEC121.us@HD,CBS 12 West Palm Beach FL (WPEC) (1080p),,Undefined,no-safe-match
WHPDT1.us@SD,CBS 21 Harrisburg PA (WHP) (1080p),,Undefined,no-safe-match
WSBTTV281.us@SD,CBS 22 South Bend IN (WSBT) (1080p),,Undefined,no-safe-match
KEYETV421.us@HD,CBS 42 Austin TX (KEYE) (1080p),,General,no-safe-match
CCX1.us@SD,CCX1 (1080p),,General,no-safe-match
CelebritySceneTV.us@SD,Celebrity Scene TV (720p),,Undefined,no-safe-match
CerritosTV3.us@SD,Cerritos TV3 (360p),,General,no-safe-match
CFMTVChannel98.us@SD,CFM TV Channel 98 (360p),,Legislative,no-safe-match
CGTV.us@SD,Champaign Government Television (CGTV) (Champaign IL) (720p),,Legislative,no-safe-match
Channel10.us@SD,Channel 10 (720p),,Legislative,no-safe-match
ScottsdaleChannel11.us@SD,Channel 11 (Scottsdale AZ),,General,no-safe-match
Channel18GAC.us@SD,Channel 18 GAC,,Legislative,no-safe-match
CCTV.us@SD,Charlotte County CC-TV (Charlotte County FA) (720p),,Undefined,no-safe-match
ChefChampion.us@SD,Chef Champion (720p) [Not 24/7],,Cooking,no-safe-match
ChefRocShow.us@SD,Chef Roc Show (720p) [Not 24/7],,Cooking,no-safe-match
CityTVChannel341.us@SD,Chino Hills City TV Channel 3/41 (360p),,Legislative,no-safe-match
ChristianYouthChannelCYC.us@SD,Christian Youth Channel (CYC) (1080p),,Kids;Religious,no-safe-match
CinePride.us@SD,CinePride (720p),,Lifestyle,no-safe-match
Cinevault80s.us@SD,Cinevault 80s (720p),,Movies,no-safe-match
CityofMonroeGovernmentChannel.us@SD,City of Monroe Government Channel,,Legislative,no-safe-match
CapitalCityConnectionMontgomery.us@SD,City TV Capital City Connection [Not 24/7],,Legislative,no-safe-match
CityTVSanDiego.us@SD,CityTV San Diego (360p),,Legislative,no-safe-match
Clarity4K.us@SD,Clarity 4K (2160p) [Geo-blocked],,General,no-safe-match
CloudflareTV.us@SD,Cloudflare TV (720p),,Education,no-safe-match
CMCUSACountryMusicChannel.us@SD,CMC-USA Country Music Channel (720p),,Music,no-safe-match
WRDELD311.us@HD,CoastTV NBC (WRDE-LD) (720p) [Not 24/7],,Undefined,no-safe-match
CollierTV.us@SD,Collier Television CTV (Naples FL) (720p),,Legislative,no-safe-match
ComercioTV.us@SD,Comercio TV (1080p),,General,no-safe-match
ConcertChannel.us@SD,Concert Channel (720p),,Music,no-safe-match
ConcordTV.us@SD,Concord TV (Concord CA) (720p),,General,no-safe-match
ContraCostaTV.us@SD,Contra Costa College TV [Geo-blocked],,Legislative,no-safe-match
CookingPanda.us@SD,Cooking Panda (576p),,Cooking,no-safe-match
CMTV.us@SD,Costa Mesa's Municipal Access Channel CMTV 3 (720p),,General,no-safe-match
COStv.us@SD,COStv,,Legislative,no-safe-match
CreaTVChannel27.us@SD,CreaTV Bay Voice TV Channel 27 (San Jose CA) (720p),,General,no-safe-match
CreaTVChannel28.us@SD,CreaTV Classrooms Channel 28 (San Jose CA) (720p),,Education,no-safe-match
CreaTVChannel15.us@SD,CreaTV Community Channel 15 (San Jose CA) (720p),,General,no-safe-match
CreaTVChannel30.us@SD,CreaTV The Outlet Channel 30 (San Jose CA) (720p),,General,no-safe-match
Crime360.us@SD,Crime 360 (720p),,Documentary,no-safe-match
CruzTV.us@SD,Cruz TV,,Legislative,no-safe-match
CSatTV.us@SD,CSat TV (1080p) [Not 24/7],,Religious,no-safe-match
CTNCourtFeed.us@SD,CT-N Court Feed (360p) [Not 24/7],,Legislative,no-safe-match
CTNLiveStream2.us@SD,CT-N Live Stream 2 (360p) [Not 24/7],,Legislative,no-safe-match
CTNTVConneticut.us@SD,CT-N TV Conneticut (720p) [Not 24/7],,Legislative,no-safe-match
CVTVChannel192.us@SD,CVTV Channel 192 (1080p),,General,no-safe-match
CVTVChannel194.us@SD,CVTV Channel 194 (1080p),,General,no-safe-match
CypressChannel36.us@SD,Cypress Public Access Channel 36 (Cypress CA) (360p),,Legislative,no-safe-match
Dateline247.us@SD,Dateline 24/7 (1080p),,Documentary,no-safe-match
DaystarTVEspanol.us@SD,Daystar Español (720p),,Religious,no-safe-match
DCC.us@SD,DC Council Channel (1080p),,Legislative,no-safe-match
DCCouncilHearingRoom120.us@SD,DC.gov Council Hearing Room 120 (Washington DC) (1080p),,Legislative,no-safe-match
DKN.us@SD,DC.gov DKN (Washington DC) (1080p),,Education,no-safe-match
DegaTV.us@SD,Dega TV (720p) [Not 24/7],,Music,no-safe-match
Denver8TV.us@SD,Denver 8 TV (Denver CO) (720p),,Legislative,no-safe-match
DerryTV17.us@SD,DerryTV 17 (720p),,Legislative,no-safe-match
DerryTV23.us@SD,DerryTV 23 (720p),,Education;General,no-safe-match
DetroitChannel10.us@SD,Detroit Channel 10,,Legislative,no-safe-match
DetroitChannel21.us@SD,Detroit Channel 21,,General,no-safe-match
DetroitChannel22.us@SD,Detroit Channel 22,,Education,no-safe-match
DetroitChannel68.us@SD,Detroit Channel 68,,General,no-safe-match
DidgahTV.us@SD,Didgah TV (576p),,News,no-safe-match
DistrictofColumbiaNetwork.us@SD,District of Columbia Network (DCN) (1080p),,Legislative,no-safe-match
Docurama.us@SD,Docurama (1080p),,Documentary,no-safe-match
DrGeneScott.us@SD,Dr. Gene Scott (1080p),,Religious,no-safe-match
DuckHuntingTV.us@SD,Duck Hunting TV (1080p),,Outdoor,no-safe-match
DungeonTV.us@SD,Dungeon TV (720p),,Undefined,no-safe-match
EBSCinema.us@SD,EBS Cinema (720p),,Movies,no-safe-match
EBSMusika.us@SD,EBS Musika (720p),,Music,no-safe-match
ElSembradorNuevaEvangelizacionESNE.us@SD,El Sembrador Nueva Evangelizacion ESNE,,Religious,no-safe-match
ElbesharaGTV.us@SD,Elbeshara GTV (1080p) [Not 24/7],,Religious,no-safe-match
EntrepreneurTV.us@SD,EntrepreneurTV (720p),,Business,no-safe-match
EscambiaCountyTV.us@SD,Escambia County TV ECTV (Escambia County FL) (720p),,Legislative,no-safe-match
ESPNDeportes.us@SD,ESPN Deportes (720p),,Sports,matched-but-zero-programmes
ESPNU.us@SD,ESPNU (720p),,Sports,matched-but-zero-programmes
EWTN.us@English,EWTN (720p) [Geo-blocked],,Religious,matched-but-zero-programmes
ExtremaTV.us@SD,Extrema TV (720p),,Undefined,no-safe-match
CityofFairfieldChannel26.us@SD,Fairfield Government Access Channel 26 (Fairfield CA) (720p) [Geo-blocked],,General,no-safe-match
FashionFinds.us@SD,Fashion Finds (720p),,Lifestyle;Shop,no-safe-match
FCPublicMedia.us@SD,FC Public Media (Fort Collins CO) (1080p),,General,no-safe-match
FernandinaBeachChannel.us@SD,Fernandina Beach City Meeting (Fernandina Beach FL) (720p) [Not 24/7],,Legislative,no-safe-match
FGTV.us@SD,FGTV,,Legislative,no-safe-match
FilAmTVNetwork.us@HD,FilAmTV Network (1080p),,General,no-safe-match
FlowersTVUSA.us@SD,Flowers TV USA,,Culture,no-safe-match
FNX.us@SD,FNX (1080p),,Culture,no-safe-match
KVCRDT242.us@SD,FNX [Geo-blocked],,Culture,no-safe-match
KFONTV.us@SD,Fontana Community Television (720p) [Geo-blocked],,General,no-safe-match
FilmRiseForensicFiles.us@SD,Forensic Files (720p) [Geo-blocked],,Movies,no-safe-match
FCTV.us@SD,Fort Collins Cable TV (FCTV) (Fort Collins CO) (1080p),,General,no-safe-match
CityofFortPierce.us@SD,Fort Pierce Live Stream (Fort Pierce FL) (720p),,Legislative,no-safe-match
Fox.us@East,Fox (1080p) [Geo-blocked],,General,matched-but-zero-programmes
KTVU41.us@HD,FOX 2 San Francisco CA (KTVU) (720p),,General,no-safe-match
WLUKTV141.us@HD,FOX 11 Green Bay WI (WLUK) (1080p),,Undefined,no-safe-match
KCPQ131.us@HD,FOX 13 Seattle WA (KCPQ) (720p),,General,no-safe-match
KBSI231.us@HD,FOX 23 Cape Girardeau MO (KBSI-DT1) (720p) [Not 24/7],,General,no-safe-match
WFXT251.us@HD,Fox 25 Boston (WFXT-TV) (1080p) [Geo-blocked],,Undefined,no-safe-match
KOKHTV251.us@HD,FOX 25 Oklahoma City OK (KOKH) (1080p),,General,no-safe-match
KMPHTV261.us@HD,FOX 26 Visalia CA (KMPH) (1080p),,General,no-safe-match
WBFF451.us@HD,FOX 45 Baltimore MD (WBFF) (1080p),,Undefined,no-safe-match
FoxNewsRadio.us@SD,Fox News Radio (720p),,News,no-safe-match
FreebieTV.us@SD,Freebie TV (720p) [Not 24/7],,Entertainment,no-safe-match
CMAC1.us@SD,Fresno CMAC 1 Public Channel (720p),,General,no-safe-match
CMAC2.us@SD,Fresno CMAC 2 Education Channel (720p),,Education,no-safe-match
CMAC3.us@SD,Fresno CMAC 3 Government Channel (720p),,Legislative,no-safe-match
Community12TV.us@SD,Gainesville Community 12TV (Gainesville FL) (720p),,Legislative,no-safe-match
GalvestonCountyTV.us@SD,Galveston County TV (720p) [Not 24/7],,Legislative,no-safe-match
GalxyTV.us@SD,Galxy TV (720p),,Entertainment,no-safe-match
GanjeHozourTV.us@SD,Ganj e Hozour TV (1080p),,General,no-safe-match
GlobalBuddhistNetwork.us@SD,GBN Global Buddhist Network (1080p),,Religious,no-safe-match
KBPXLD465.us@SD,Geb Tv (KBPX LD5) (1080p),,Culture;News,no-safe-match
GiggleMug.us@SD,Giggle Mug (576p),,Kids,no-safe-match
GillettePublicAccessTelevisionChannel189.us@SD,Gillette Public Access Television Channel 189,,Education,no-safe-match
GillettePublicAccessTelevisionChannel190.us@SD,Gillette Public Access Television Channel 190,,General,no-safe-match
GillettePublicAccessTelevisionChannel192.us@SD,Gillette Public Access Television Channel 192,,Legislative,no-safe-match
CMAPChannel17.us@SD,Gilroy CMAP TV Channel 17 (720p),,Legislative,no-safe-match
CMAPChannel18.us@SD,Gilroy CMAP TV Channel 18 (720p),,General,no-safe-match
CMAPChannel19.us@SD,Gilroy CMAP TV Channel 19 (720p),,Undefined,no-safe-match
CMAPChannel20.us@SD,Gilroy CMAP TV Channel 20 (720p),,General,no-safe-match
GirlfriendsFilms.us@SD,Girlfriends,,Movies,no-safe-match
Glendale11AZ.us@SD,Glendale 11 AZ (360p),,Legislative,no-safe-match
GlendaleTV.us@SD,Glendale TV (720p) [Geo-blocked],,Legislative,no-safe-match
GCNAmerica.us@SD,Global Christian Network America (GCN) (720p),,Religious,no-safe-match
GlobalFashionChannel.us@SD,Global Fashion Channel (1080p),,Lifestyle,no-safe-match
GlobalWorldTV.us@SD,GlobalWorldTV (720p),,Entertainment,no-safe-match
GMTV.us@SD,GMTV (1080p),,Music,no-safe-match
KPCBDT171.us@SD,God's Learning Channel (480p),,Religious,no-safe-match
GCOtv.us@SD,Golden Community Television (GCO.tv) (Golden CO) (1080p),,General,no-safe-match
GoodLife45.us@SD,GoodLife 45 (720p) [Not 24/7],,Religious,no-safe-match
GBNTV.us@SD,Gospel Broadcasting Network (GBN) (1080p),,Religious,no-safe-match
GospelTruthTV.us@SD,Gospel Truth TV (1080p),,Religious,no-safe-match
GreensboroTV.us@SD,Greensboro TV (Greensboro NC) (720p),,Legislative,no-safe-match
GrjngoWesternMovies.de@SD,Grjngo Western Movies (720p),,Movies,no-safe-match
GuangdongTVAmerica.us@SD,Guangdong TV America,,General,no-safe-match
GunAzTV.us@SD,GunAz TV,,General,no-safe-match
HKTV.us@SD,Haddam Killingworth High School TV (HKTV) (1080p) [Geo-blocked],,Education,no-safe-match
HarPalGeo.pk@SD,HarPal Geo (360p),,Culture,no-safe-match
HarvestUSA.in@SD,Harvest USA (576p),,Religious,no-safe-match
HCTVEducationalAccessChannel.us@SD,HCTV Educational Access Channel,,Education,no-safe-match
HCTVGovernmentChannel.us@SD,HCTV Government Channel,,Legislative,no-safe-match
HCTVPublicAccessChannel.us@SD,HCTV Public Access Channel,,General,no-safe-match
Heartland.us@Eastern,Heartland (720p),,Entertainment,matched-but-zero-programmes
HighVisionTV.us@SD,High Vision (1080p) [Not 24/7],,Music,no-safe-match
HillsboroughTV.us@SD,Hillsborough County TV HTV (Hillsborough County FL) (360p),,Legislative,no-safe-match
HisGloryTV.us@SD,His Glory TV (1080p),,General,no-safe-match
HMIPROMZNEWS.us@SD,HMI PROMZ NEWS (720p),,Music,no-safe-match
HmongStarTV.us@SD,Hmong Star TV (720p) [Not 24/7],,Culture,no-safe-match
HmongTVNetwork.us@SD,Hmong TV Network (720p),,Culture,no-safe-match
Hope4LifeTV.us@SD,Hope4Life TV (720p),,Religious,no-safe-match
HopeChannelInterAmerica.us@SD,Hope Channel Inter-America,,Religious,no-safe-match
HopeChannelInterAmericaEnglish.us@SD,Hope Channel Inter-America English (1080p),,Religious,no-safe-match
HopeChannelInternational.us@SD,Hope Channel International (1080p),,Religious,no-safe-match
HopeChannelNorthAmerica.us@SD,Hope Channel North America (1080p),,Religious,no-safe-match
HSN.us@East,HSN (720p),,Shop,matched-but-zero-programmes
HTV1HoustonTelevision.us@SD,HTV 1 Houston Television (720p),,Legislative,no-safe-match
HTV2HoustonTelevision.us@SD,HTV 2 Houston Television (720p),,Legislative,no-safe-match
HumorMill.us@SD,"like Gecko) Chrome/145.0.0.0 Safari/537.36 Edg/145.0.0.0"" group-title=""Comedy"",Humor Mill (1080p)",,Comedy,no-safe-match
HBTV.us@SD,Huntington Beach TV Channel 3 (720p),,General,no-safe-match
ImanTV.us@SD,Iman TV (480p),,Religious,no-safe-match
IntheKitchen.us@SD,In the kitchen (720p),,Cooking;Shop,no-safe-match
INWILD.nl@SD,INWILD (1080p),,Documentary,no-safe-match
ItIsWrittenTV.us@SD,It Is Written TV (1080p),,Religious,no-safe-match
ItsSupernaturalNetwork.us@SD,It's Supernatural! Network (1080p),,Religious,no-safe-match
G10TV.us@SD,Jacksonville Onslow Government Television (G10TV) (Jacksonville NC) (1080p),,Legislative,no-safe-match
JusHindi.us@SD,Jus Hindi (1080p),,Culture,no-safe-match
JusOne.us@SD,Jus One (1080p),,Culture,no-safe-match
JusPunjabi.us@SD,Jus Punjabi (1080p),,Culture,no-safe-match
KajouTV.us@SD,Kajou TV (720p) [Not 24/7],,Culture,no-safe-match
KaloopyTV.us@SD,Kaloopy TV (1080p),,Lifestyle,no-safe-match
KATC31.us@HD,KATC 3.1 (1080p),,General,no-safe-match
KBEV.us@SD,KBEV Spectrum Channel 6 [Beverly Hills] (1080p),,Education,no-safe-match
KBRI8.us@SD,KBRI Brighton Channel 8 (Brighton CO) (720p),,Legislative,no-safe-match
KCAT.us@SD,KCAT Public Media TV (1080p),,Education,no-safe-match
KCKSLD253.us@HD,KCKS-LD 25.3 (720p),,Entertainment,no-safe-match
KDFW41.us@HD,KDFW-DT1 (1080p),,General,no-safe-match
KernCountyTV.us@SD,Kern County Television,,Legislative,no-safe-match
KetchupTV.us@SD,Ketchup TV (720p),,Kids,no-safe-match
KFTRDT461.us@HD,KFTR-DT1 [Geo-blocked],,Entertainment,no-safe-match
KIROTV71.us@HD,KIRO-DT1 (1080p),,General,no-safe-match
KITV41.us@HD,KITV 4 Island News (720p),,General,no-safe-match
KMEXDT341.us@HD,KMEX-DT1 [Geo-blocked],,General,no-safe-match
KMSPDT1.us@SD,KMSP-DT1 (1080p),,General,no-safe-match
KNTV111.us@HD,KNTV-DT1 (1080p),,General,no-safe-match
KOKITV231.us@HD,KOKI-DT1 (1080p),,General,no-safe-match
KPVMLD258.us@SD,KPVM Ace Country Radio,,Music,no-safe-match
KPVMLD257.us@SD,KPVM AWE Plus,,Lifestyle;Travel,no-safe-match
KPVMLD254.us@SD,KPVM OAN Plus,,News,no-safe-match
KPVMLD251.us@HD,KPVM Prime TV25,,General,no-safe-match
KPVMLD256.us@SD,KPVM Story Television,,Documentary,no-safe-match
KQED92.us@HD,KQED-DT2 (1080p),,Entertainment,no-safe-match
KQSL81.us@HD,KQSL Channel 8 (720p),,Religious,no-safe-match
KRCA71.us@HD,KRCA-TV Estrella Los Angeles (720p),,General,no-safe-match
KRGVTV52.us@HD,KRGV-DT2 [Geo-blocked],,Entertainment,no-safe-match
KRISTV61.us@HD,KRIS-DT1 (1080p),,General,no-safe-match
KRIV261.us@HD,KRIV-DT1 (1080p),,General,no-safe-match
KSAZTV101.us@HD,KSAZ-DT1 (1080p),,General,no-safe-match
KSCE382.us@HD,KSCE Vida Cristiana (360p),,Religious,no-safe-match
KSHBTV411.us@HD,KSHB 41 (Kansas City MO) (720p),,General,no-safe-match
KTBC71.us@HD,KTBC-DT1 (1080p),,General,no-safe-match
KTOOTV33.us@HD,KTOO 360TV 3 (FNX),,Documentary,no-safe-match
KTTV111.us@HD,KTTV-DT1 (1080p),,General,no-safe-match
KUVNDT491.us@HD,KUVN-DT1,,General,no-safe-match
KVVBLD331.us@SD,KVVB-TV 33 Victor Valley (1080p) [Not 24/7],,Entertainment,no-safe-match
KXASTV51.us@HD,KXAS-DT1 (1080p),,General,no-safe-match
KZTV101.us@HD,KZTV-DT1 (720p),,General,no-safe-match
LACityView35.us@SD,LA CityView 35 (1080p),,Legislative,no-safe-match
LaQueBuenaAtlanta.us@SD,La Que Buena Atlanta,,Music,no-safe-match
LaVozdeJesusHD.do@HD,La Voz de Jesus HD (720p),,Religious,no-safe-match
LakewoodChannel8.us@SD,Lakewood Channel 8 (Lakewood CO) (720p),,Undefined,no-safe-match
CityTVLakewood.us@SD,Lakewood CityTV (720p),,General,no-safe-match
LasVegasTonightwithDaleDavidson.us@HD,Las Vegas Tonight with Dale Davidson (1080p),,General,no-safe-match
LatinoChannelTV.us@HD,Latino Channel TV (1080p),,General,no-safe-match
LBCInternational.lb@SD,LBC International (1080p),,General,no-safe-match
LakeFrontTV.us@SD,Leesburg Lakefront TV (Leesburg FL) (720p),,Legislative,no-safe-match
LeominsterTVEducational.us@SD,Leominster TV Educational (720p),,Education,no-safe-match
LeominsterTVGovernment.us@SD,Leominster TV Government (720p),,Legislative,no-safe-match
LeominsterTVPublic.us@SD,Leominster TV Public (720p) [Not 24/7],,General,no-safe-match
LexTV.us@SD,Lex TV (720p),,Legislative,no-safe-match
LGTV.us@SD,LGTV (1080p),,Legislative,no-safe-match
LakeHavasuCity4.us@SD,LHCAZTV,,Legislative,no-safe-match
KSCE381.us@HD,Life! Christian Broadcasting Network (360p),,Religious,no-safe-match
KSCE383.us@HD,LIFE! End Times TV (360p),,Religious,no-safe-match
LifevisionTV.us@SD,LifevisionTV (406p) [Not 24/7],,Religious,no-safe-match
LLBNHisLight.us@SD,Lighting Lives Blessing Nations His Light (LLBN) (720p),,Religious,no-safe-match
LLBNHisWord.us@SD,Lighting Lives Blessing Nations His Word (LLBN) (720p),,Religious,no-safe-match
SmartLifeStyleTV.us@SD,Lighting Lives Blessing Nations Smart Life Style TV (LLBN) (720p),,Lifestyle,no-safe-match
LLBNTVArabic.us@SD,Lighting Lives Blessing Nations TV Arabic (LLBN) (480p),,Religious,no-safe-match
LLBNTVChinese.us@SD,Lighting Lives Blessing Nations TV Chinese (LLBN) (480p),,Religious,no-safe-match
LLBNTVKorean.us@SD,Lighting Lives Blessing Nations TV Korean (LLBN) (480p),,Religious,no-safe-match
LLBNTVLatino.us@SD,Lighting Lives Blessing Nations TV Latino (LLBN) (480p),,Religious,no-safe-match
LLBNTVRomanian.us@SD,Lighting Lives Blessing Nations TV Romanian (LLBN) (480p),,Religious,no-safe-match
LLBNTVSouthAsia.us@SD,Lighting Lives Blessing Nations TV South Asia (LLBN) (480p),,Religious,no-safe-match
LindellTV.us@SD,Lindell TV (720p),,News,no-safe-match
LittleGuyanaTV.us@SD,Little Guyana TV (1080p),,General,no-safe-match
Littleton8TV.us@SD,Littleton 8 TV (Littleton CO) (1080p),,General,no-safe-match
LivingFaithTV.us@SD,Living Faith TV (540p),,Religious,no-safe-match
LogosTV.es@SD,Logos TV (1080p) [Not 24/7],,Religious,no-safe-match
LogosTV.us@SD,Logos TV (1080p) [Not 24/7],,Religious,no-safe-match
LogosTVEnglish.us@SD,Logos TV English (1080p) [Not 24/7],,Religious,no-safe-match
LogosTVEstudio.es@SD,Logos TV Estudio (720p) [Not 24/7],,Religious,no-safe-match
LogosTVKids.es@SD,Logos TV Kids (720p) [Not 24/7],,Kids;Religious,no-safe-match
LogosTVSalud.es@SD,Logos TV Salud (720p) [Not 24/7],,Lifestyle,no-safe-match
TAPTVChannel23.us@SD,Lompoc TAP TV Channel 23 (720p),,Undefined,no-safe-match
TAPTVChannel24.us@SD,Lompoc TAP TV Channel 24 (720p),,General,no-safe-match
TAPTVChannel25.us@SD,Lompoc TAP TV Channel 25 (720p),,General,no-safe-match
LA36.us@SD,Los Angeles Local Television Channel 36 (1080p),,Education,no-safe-match
PlutoTVLosnuevosdetectives.us@SD,Los nuevos detectives,,Undefined,no-safe-match
LoveHipHop.us@SD,Love & Hip Hop,,Series,no-safe-match
LoveNatureenEspanol.us@SD,Love Nature en Espanol (1080p) [Geo-blocked],,Undefined,no-safe-match
LoveThePlanet.es@EN,Love the Planet (1080p),,Documentary,no-safe-match
CityofLovelandTV.us@SD,Loveland TV (Loveland CO) (1080p),,General,no-safe-match
LoveWorldUSA.ng@SD,LoveWorld USA (720p),,Religious,no-safe-match
MadDogandMerrill.us@SD,Mad Dog and Merrill (540p) [Not 24/7],,Cooking,no-safe-match
MagnificentMoviesNetwork.us@SD,Magnificent Movies Network,,Movies;Shop,no-safe-match
MajestadTV.us@SD,Majestad Televisión (480p) [Not 24/7],,Religious,no-safe-match
MSTV.us@SD,Manatee Schools Television MSTV (Manatee County FL) (1080p),,Education,no-safe-match
MariaVisionUSA.us@SD,Maria Vision USA (1080p),,Religious,no-safe-match
MartinCountyTV.us@SD,Martin County MCTV (Martin County FL) (720p),,Legislative,no-safe-match
MBC1USA.us@SD,MBC 1 USA (1080p) [Geo-blocked],,General,no-safe-match
MBC3USA.us@SD,MBC 3 USA (1080p) [Geo-blocked],,Kids,no-safe-match
MBCMasrUSA.us@SD,MBC Masr USA (1080p),,General,no-safe-match
MCN6MainChannel.us@SD,MCN6 (1080p) [Not 24/7],,Entertainment;General,no-safe-match
MCN6ArtsChannel.us@SD,MCN6 Arts Channel (1080p) [Not 24/7],,Culture;Education,no-safe-match
MCN6MusicChannel.us@SD,MCN6 Music Channel (1080p) [Not 24/7],,Animation;Kids;Music,no-safe-match
MetaleitorTV.us@SD,Metaleitor TV,,Music,no-safe-match
MBTV.us@SD,Miami Beach Tv (MBTV) (Miami Beach FL) (720p),,Legislative,no-safe-match
MidpenMediaCenterChannel30.us@SD,Midpen Media Center Arts Issues and Lifestyles Channel 30 (720p),,Culture,no-safe-match
MidpenMediaCenterChannel75.us@SD,Midpen Media Center Diversity and Culture Channel 75 (720p),,Culture,no-safe-match
MidpenMediaCenterChannel26.us@SD,Midpen Media Center Government etc Channel 26 (720p),,Undefined,no-safe-match
MidpenMediaCenterChannel29.us@SD,Midpen Media Center Government etc Channel 29 (720p),,Legislative,no-safe-match
MidpenMediaCenterChannel28.us@SD,Midpen Media Center Youth Education and Sports Channel 28 (720p),,Education,no-safe-match
MinisterioLaVozDeUnRemanenteTV.us@SD,Ministerio La Voz De Un Remanente TV,,Religious,no-safe-match
MissionTV.us@SD,Mission TV (1080p) [Not 24/7],,Religious,no-safe-match
MCPSSTV.us@SD,Mobile County Public Schools TV Network (MCPSS),,Education,no-safe-match
MohabatTV.us@SD,Mohabat TV (540p),,Religious,no-safe-match
MonroeCommunityMediaEducationChannel.us@SD,Monroe Community Media Education Channel,,Education,no-safe-match
MonroeCommunityMediaPublicAccessChannel.us@SD,Monroe Community Media Public Access Channel,,General,no-safe-match
MonroeCountyTV.us@SD,Monroe County Television MCTV (Monroe County FL) (1080p),,Legislative,no-safe-match
MontgomeryChannel.us@SD,Montgomery Channel,,General,no-safe-match
FastTV.us@SD,MotorTrend FAST TV (720p),,Undefined,no-safe-match
MRVTVChannel44.us@SD,MRVTV Channel 44 (720p),,General,no-safe-match
MRVTVChannel45.us@SD,MRVTV Channel 45 (720p),,General,no-safe-match
MTC.us@SD,MTC TV,,Undefined,no-safe-match
MTV.us@East,MTV (720p),,Entertainment,no-safe-match
MTV2.us@East,MTV2 (1080p),,Entertainment,no-safe-match
MuslimNetworkTV.us@SD,Muslim Network TV,,Religious,no-safe-match
KCWX351.us@HD,myTV San Antonio TX (KCWX-TV) (720p) [Not 24/7],,Entertainment,no-safe-match
NashuaETV.us@SD,Nashua ETV Channel 22 Nashua NH (720p),,Education,no-safe-match
GovernmentTV16.us@SD,Nashua GTV Channel 16 Nashua NH (720p),,Legislative,no-safe-match
NATTV.us@SD,NAT TV (1080p),,General,no-safe-match
NatickEducationChannel.us@SD,Natick Education Channel (720p),,Education,no-safe-match
NatickGovernmentChannel.us@SD,Natick Government Channel (720p),,Legislative,no-safe-match
NatickPublicAccessChannel.us@SD,Natick Public Access Channel (720p),,General,no-safe-match
NationalGeographic.us@East,National Geographic (720p),,Documentary,matched-but-zero-programmes
NationalGeographicWild.us@East,National Geographic Wild (720p),,Documentary,matched-but-zero-programmes
NBC.us@East,NBC (1080p),,General,matched-but-zero-programmes
KSNV31.us@HD,NBC 3 Las Vegas NV (KSNV) (1080p),,General,no-safe-match
KCRATV581.us@HD,NBC 3 Sacramento CA (KCRA) (720p),,General,no-safe-match
KOBDT1.us@SD,NBC 4 Albuquerque NM (KOB) (1080p),,General,no-safe-match
WTMJTV41.us@HD,NBC 4 Milwaukee WI (WTMJ) (720p),,Undefined,no-safe-match
WOAITV41.us@HD,NBC 4 San Antonio TX (WOAI) (1080p),,Undefined,no-safe-match
WMAQTV51.us@HD,NBC 5 Chicago Live News (1080p),,Undefined,no-safe-match
WJACTV61.us@HD,NBC 6 Johnstown PA (WJAC) (1080p),,Undefined,no-safe-match
KSBY61.us@HD,NBC 6 Santa Barbara CA (KSBY) (720p),,General,no-safe-match
WLIO81.us@HD,NBC 8 Lima OH (WLIO-DT1) (720p) [Not 24/7],,Undefined,no-safe-match
KSBW81.us@HD,NBC 8 Salinas CA (KSBW) (720p),,General,no-safe-match
WTOVTV91.us@HD,NBC 9 Steubenville OH (WTOV) (1080p),,Undefined,no-safe-match
WJAR101.us@HD,NBC 10 Providence MA (1080p),,Undefined,no-safe-match
WHECTV101.us@HD,NBC 10 Rochester NY (WHEC) (1080p),,Undefined,no-safe-match
WBALTV111.us@HD,NBC 11 Baltimore MD (WBAL) (720p),,Undefined,no-safe-match
WNYT131.us@HD,NBC 13 Albany NY (WNYT) (1080p),,Undefined,no-safe-match
WGBATV261.us@HD,NBC 26 Green Bay WI (WGBA) (720p),,Undefined,no-safe-match
KNSD481.us@HD,NBC West (San Diego) (1080p) [Not 24/7],,General,no-safe-match
NBCLX.us@SD,NBCLX (1080p),,Entertainment,no-safe-match
NCMEducationalKidsChannel.us@SD,NCM Educational & Kids Channel,,Education;Kids,no-safe-match
NCMGovernmentPoliticsChannel.us@SD,NCM Government & Politics,,Legislative,no-safe-match
NCMMainChannel.us@SD,NCM Main Channel,,General,no-safe-match
NCTV79.us@SD,New Canaan Television 79 (NCTV79) (New Canaan CT) (1080p),,General,no-safe-match
News12PlusConnecticut.us@HD,News12+ Connecticut (1080p) [Geo-blocked],,News,no-safe-match
News12PlusHudsonValley.us@HD,News12+ Hudson Valley (1080p) [Geo-blocked],,News,no-safe-match
News12PlusLongIsland.us@HD,News12+ Long Island (1080p) [Geo-blocked],,News,no-safe-match
News12PlusNewJersey.us@HD,News12+ New Jersey (1080p) [Geo-blocked],,News,no-safe-match
News12PlusNewYork.us@HD,News12+ New York (1080p) [Geo-blocked],,News,no-safe-match
News12Conneticut.us@SD,News12 Conneticut [Geo-blocked],,News,no-safe-match
News12LongIsland.us@SD,News12 Long Island (1080p) [Geo-blocked],,News,no-safe-match
NewsmaxSpanish.us@SD,Newsmax Spanish (1080p),,News,no-safe-match
NewsNet.us@SD,NewsNet (720p) [Not 24/7],,News,no-safe-match
NFLNetwork.us@SD,NFL Network (720p),,Sports,no-safe-match
NorCastWeather.us@HD,NorCast Weather (1080p),,Weather,no-safe-match
NMBTV.us@SD,North Miami Beach TV (NMBTV) (North Miami Beach FL) (720p),,Legislative,no-safe-match
KNOVCD411.us@HD,NOTV New Orleans TV (720p),,Travel,no-safe-match
NewsoftheWorld.us@Arabic,NOW News Arabic (720p),,News,no-safe-match
NewsoftheWorld.us@Spanish,NOW News Spanish (1080p),,News,no-safe-match
NewsoftheWorld.us@USA,NOW News USA (1080p),,News,no-safe-match
NTDTV.us@East,NTD TV (1080p),,General,no-safe-match
NTDTVEnglish.us@USA,NTD TV English (1080p),,General;News,no-safe-match
NTDTV.us@West,NTD TV West,,General,no-safe-match
NYXT.us@SD,NYXT (1080p),,Culture,no-safe-match
KOCTChannel18.us@SD,Oceanside Community Television (KOCT) Community Channel 18 (720p),,General,no-safe-match
KOCTChannel19.us@SD,Oceanside Community Television (KOCT) Education and Government Channel 19 (720p),,Education,no-safe-match
OCNTV.us@SD,OCN TV,,Religious,no-safe-match
Olelo49.us@SD,Olelo Community Media Channel 49 (720p),,Legislative,no-safe-match
Olelo53.us@SD,Olelo Community Media Channel 53 (720p),,Culture,no-safe-match
Olelo54.us@SD,Olelo Community Media Channel 54 (720p),,Legislative,no-safe-match
OmideIranTV.us@SD,Omide Iran,,Entertainment,no-safe-match
OntarioPublicAccessChannel.us@SD,Ontario Public Access Channel (360p),,General,no-safe-match
OnTV4U.us@SD,OnTV4U (1080p) [Geo-blocked],,Shop,no-safe-match
OrangeGovernmentAccessTV.us@SD,Orange Government Access TV (Orange CT) (720p),,Legislative,no-safe-match
OutdoorChannel.us@SD,Outdoor Channel (1080p),,Outdoor,matched-but-zero-programmes
OvercomersTV.us@SD,Overcomers TV (720p),,General,no-safe-match
Oxygen.us@East,Oxygen (720p),,Entertainment,no-safe-match
PCTChannel27.us@SD,Pacific Coast TV HMB Coastside Channel 27 (720p),,General,no-safe-match
PCTChannel26.us@SD,Pacific Coast TV MWSD Channel 26 (720p),,General,no-safe-match
PacificIslandNetwork.us@HD,Pacific Island Network (1080p),,General,no-safe-match
PBCTVChannel20.us@SD,Palm Beach County TV Channel 20 (Palm Beach County FL) (720p),,Legislative,no-safe-match
PalmBeachesTV.us@SD,Palm Beaches TV (720p),,Travel,no-safe-match
ParsTV.us@SD,Pars TV,,General,no-safe-match
PascoTV.us@SD,Pasco TV (Pasco County FL) (480p),,Legislative,no-safe-match
PayamJavanTV.us@SD,Payam Javan TV (720p) [Not 24/7],,Education,no-safe-match
PayameAfghanTV.us@SD,Payam-e-Afghan TV (480p) [Not 24/7],,General,no-safe-match
PayameArameshTV.us@SD,Payame Aramesh TV (720p),,Religious,no-safe-match
PayvandTV.us@SD,Payvand TV (720p),,News,no-safe-match
PBCTapeshTV.us@SD,PBC Tapesh TV (720p),,General,no-safe-match
KHET111.us@HD,PBS Honolulu HI (KHET) (1080p) [Not 24/7],,Education,no-safe-match
WKPCDT2.us@SD,PBS KET2 (720p),,Undefined,no-safe-match
WKPCTV153.us@SD,PBS KET KY (480p),,Undefined,no-safe-match
WKMJTV681.us@HD,PBS KET Louisville KY (WKMJ-TV) (720p),,Education,no-safe-match
WKMJTV683.us@SD,PBS KET World (480p),,Undefined,no-safe-match
PBSKidsAlaska.us@SD,PBS Kids Alaska (1080p),,Education;Kids,no-safe-match
PBSKidsEasternCentral.us@SD,PBS Kids Eastern/Central (720p),,Education;Kids,no-safe-match
PBSKidsHawaii.us@SD,PBS Kids Hawaii (720p),,Education;Kids,no-safe-match
PBSKidsMountain.us@SD,PBS Kids Mountain (1080p),,Education;Kids,no-safe-match
PBSKidsPacific.us@SD,PBS Kids Pacific (1080p),,Education;Kids,no-safe-match
KUONTV121.us@HD,PBS Lincoln NE (KUON) (1080p) [Geo-blocked],,Education,no-safe-match
WMPT541.us@HD,PBS MPT Baltimore MD (WMPB) (1080p),,Undefined,no-safe-match
PBS.us@East,PBS National East (1080p) [Geo-blocked],,Education,no-safe-match
WNJT521.us@HD,PBS New Jersey NJ (WNJT) (1080p) [Not 24/7],,Undefined,no-safe-match
KMOSTV61.us@HD,PBS Sedalia British Columbia MO (KMOS) (1080p) [Geo-blocked],,Education,no-safe-match
PhillyCAM.us@SD,PhillyCAM (720p),,General,no-safe-match
PHLgovTV.us@SD,PHLgovTV (720p),,Legislative,no-safe-match
PHXTV.us@SD,PHXTV,,Legislative,no-safe-match
PCTV26.us@SD,Pinole Community Television (PCTV) Channel 26 (Pinole CA) (480p),,Legislative,no-safe-match
PCTV28.us@SD,Pinole Community Television (PCTV) Channel 28 (Pinole CA) (480p),,General,no-safe-match
PixLTV.us@SD,PixL TV (720p),,Undefined,no-safe-match
Placid.us@EastHD,Placid (1080p) [Not 24/7],,Animation,no-safe-match
PoconoTelevisionNetwork.us@HD,Pocono Television Network (1080p),,Travel,no-safe-match
PlutoTVPokemon.us@US,Pokémon,,Animation;Kids,no-safe-match
PomonaInternetStreamingChannel.us@SD,Pomona Internet Streaming Channel (Pomona CA) (720p),,Undefined,no-safe-match
CityofPompanoBeach.us@SD,Pompano Beach Web Streaming (Pompano Beach FL) (720p),,Legislative,no-safe-match
PSLTV.us@SD,Port St Lucie PSL TV (Port St Lucie FL) (360p),,Legislative,no-safe-match
PottaDivineTVUSA.us@SD,Potta-Divine TV USA (480p),,Religious,no-safe-match
PSDTV.us@SD,Poudre School District TV (PSD TV) (Fort Collins CO) (720p),,Education,no-safe-match
PTLTVNetwork.us@SD,PTL Television Network (1080p),,Religious,no-safe-match
RadioTeleKajou.us@SD,Radio Télé Kajou (480p) [Not 24/7],,Music,no-safe-match
RadioTelePuissance.us@SD,Radio Tele Puissance,,Religious,no-safe-match
RadioTeleSentinel.us@SD,Radio Tele Sentinel,,Religious,no-safe-match
RadioTeleWisdom.us@SD,Radio Télé Wisdom (360p) [Not 24/7],,Religious,no-safe-match
RadioyTelevisionMarti.us@SD,Radio y Televisión Martí (720p),,General,no-safe-match
RadioMensajeTV.us@SD,RadioMensaje TV (720p),,Religious,no-safe-match
RaiWorldPremium.it@SD,"like Gecko) Chrome/149.0.0.0 Safari/537.36"" group-title=""Undefined"",Rai World Premium (1080p)",,Undefined,no-safe-match
RallyTV.us@SD,Rally TV (1080p),,Sports,no-safe-match
RCTV3.us@SD,Rancho Cucamonga RCTV3 (Rancho Cucamonga CA) (480p),,General,no-safe-match
RedApple21.us@SD,Red Apple 21 (Fairfax County Public Schools) (480p) [Not 24/7],,Education,no-safe-match
RedseatTheFirst.us@SD,Redseat The First (720p),,News,no-safe-match
REVNAction.us@SD,Rev'n Action (720p),,Auto;Outdoor;Series;Sports,no-safe-match
RevryQueer.us@SD,Revry Queer (720p),,Lifestyle,no-safe-match
RCTV.us@SD,Rifle Community TV RCTV (Rifle CO) (720p),,Undefined,no-safe-match
RockyHillChannel16.us@SD,Rocky Hill Government Access Channel 16 (480p),,Legislative,no-safe-match
RTHTV1.us@SD,RTH-TV1 (1080p),,General,no-safe-match
RTRPlaneta.ru@US,RTR Planeta USA (720p) [Geo-blocked],,General,no-safe-match
RTViUS.us@SD,RTVi US (1080p),,General,no-safe-match
Runtime.us@SD,Runtime (720p),,Movies,no-safe-match
RVTVCivic.us@SD,RVTV Civic (720p),,General,no-safe-match
RVTVGrantsPass.us@SD,RVTV Grants Pass (720p),,General,no-safe-match
RVTVPrime.us@SD,RVTV Prime (720p),,General,no-safe-match
RVTVVoices.us@SD,RVTV Voices (720p),,General,no-safe-match
SanskarUSA.in@SD,Sanskar USA (1080p),,Religious,no-safe-match
SMCTVChannel24.us@SD,Santa Maria Community Television Education Channel (720p),,Education,no-safe-match
SMCTVChannel23.us@SD,Santa Maria Community Television Government Channel (720p),,Legislative,no-safe-match
SMCTVChannel25.us@SD,Santa Maria Community Television Public Access Channel (720p),,General,no-safe-match
CityTV20SantaMonica.us@SD,Santa Monica City TV 20 (Santa Monica CA) (360p) [Not 24/7],,Legislative,no-safe-match
SCCurrents.us@SD,SC Currents,,News,no-safe-match
SchwabNetwork.us@SD,Schwab Network (1080p),,Business,no-safe-match
KSCNTV221.us@HD,Scientology Network KSCN-DT1,,Undefined,no-safe-match
WFTTTV621.us@HD,Scientology Network WFTT-DT1,,Undefined,no-safe-match
ScreenDreams.us@SD,Screen Dreams (720p),,Relax,no-safe-match
SCVTV.us@SD,SCVTV (Santa Clarita CA) (1080p),,General,no-safe-match
SemillitasTV.us@SD,Semillitas TV (576p),,Undefined,no-safe-match
SGTN49.us@SD,Sent TV Global Network Atlanta (SGTN-49) (720p),,General,no-safe-match
SFCommons29.us@SD,SF Commons Channel 29 (San Francisco CA) (480p),,General,no-safe-match
SFCommons76.us@SD,SF Commons Channel 76 (San Francisco CA) (480p),,General,no-safe-match
SFGovTV2.us@SD,SFGovTV2 San Francisco The City Channel (720p),,General,no-safe-match
SFGovTV.us@SD,SFGovTV San Francisco The Government Channel (720p),,Legislative,no-safe-match
SGTV.us@SD,SGTV (Seminole County FL) (1080p),,Legislative,no-safe-match
Shabakeh7.us@SD,Shabakeh 7,,Entertainment,no-safe-match
ShalomAmerica.us@SD,Shalom TV (720p) [Not 24/7],,Religious,no-safe-match
SLOCountyChannel21.us@SD,SLO County Channel 21 (360p),,Undefined,no-safe-match
SonyCanalNovelas.us@SD,Sony Canal Novelas,,Movies,no-safe-match
SonyKALHindi.us@SD,Sony KAL Hindi (1080p),,Undefined,no-safe-match
SoundViewCommunityMedia.us@SD,Sound View Community Media Education (480p),,General,no-safe-match
SpiritTV.us@SD,Spirit TV (720p) [Not 24/7],,Music;Religious,no-safe-match
StLuciePublicSchools.us@SD,St Lucie Public Schools,,Education,no-safe-match
SPTV.us@SD,St. Pete TV (SPTV) (St Petersburg FL) (360p),,Legislative,no-safe-match
StarChannelInternational.gr@HD,STAR International (720p),,Entertainment,no-safe-match
StingrayGreatestHolidayHits.us@SD,Stingray Greatest Holiday Hits,,Music,no-safe-match
StocktonGovTV.us@SD,Stockton GovTV (Stockton CA) (720p),,Legislative,no-safe-match
StrykTV.us@HD,Stryk TV (1080p),,Music,no-safe-match
SUMtvEnglish.us@SD,SUMtv English (1080p),,Religious,no-safe-match
SuperSimpleSongs.us@SD,Super Simple Songs (1080p),,Kids,no-safe-match
WACX551.us@SD,SuperChannel Orlando (WACX-DT1) (720p),,Undefined,no-safe-match
Survivor.us@SD,Survivor (1080p),,Series,no-safe-match
SwamijiTVAmerican.at@SD,Swamiji TV American (1080p) [Not 24/7],,Outdoor,no-safe-match
TaiwanPlusTV.tw@SD,Taiwan Plus TV (1080p),,Undefined,no-safe-match
TalkinLiveClassicsTV.us@SD,Talkin Live Classics TV (480p),,Entertainment,no-safe-match
TBCN.us@SD,Tampa Bay Communnity Network TBCN (Tampa Bay FL) (480p),,General,no-safe-match
Tapesh2.us@SD,Tapesh 2,,Undefined,no-safe-match
TBN.us@East,TBN (1080p),,Religious,matched-but-zero-programmes
TBNArmenia.us@SD,TBN Armenia,,Undefined,no-safe-match
TBNAsia.us@SD,TBN Asia (480p),,Religious,no-safe-match
TBNPacific.us@SD,TBN Pacific,,Undefined,no-safe-match
TeleBoston.us@SD,Tele Boston (480p),,Entertainment,no-safe-match
TelePam.us@SD,Tele Pam (1080p),,General,no-safe-match
TeleMIX.us@SD,TeleMIX (720p),,Entertainment,no-safe-match
Telemundo.us@East,Telemundo (1080p),,General,no-safe-match
TelemundoCorpusChristi.us@SD,Telemundo Corpus Christi (720p),,Entertainment,no-safe-match
Telemundo.us@West,Telemundo West (2160p),,General,no-safe-match
TemeculaTV.us@SD,Temecula TV (Temecula CA) (1080p),,Undefined,no-safe-match
Tempe11.us@SD,Tempe Channel 11,,Undefined,no-safe-match
TennisChannel.us@SD,Tennis Channel (1080p),,Sports,matched-but-zero-programmes
TerraMaterWILD.de@English,Terra Mater WILD English (1080p),,Documentary,no-safe-match
TeveVidaNetwork.us@SD,Teve Vida Network (480p) [Not 24/7],,Religious,no-safe-match
TheChatShowChannel.uk@SD,The Chat Show Channel (1080p),,Comedy;Series,no-safe-match
TheHillTV.us@SD,The Hill TV (1080p) [Geo-blocked],,Undefined,no-safe-match
TheNowNetwork.us@SD,The Now Network (480p) [Not 24/7],,Religious,no-safe-match
TheYoungTurks.us@SD,The Young Turks (1080p) [Geo-blocked],,News,no-safe-match
theDoveTV.us@SD,theDove TV (720p),,Religious,no-safe-match
Thornton8.us@SD,Thornton Government Access Channel 17 (Thornton CO) (1080p),,Legislative,no-safe-match
TimelessTV.us@SD,Timeless TV,,Classic;Shop,no-safe-match
TLNMediaChicago.us@SD,TLN Media Chicago (720p),,Religious,no-safe-match
TLNMediaSanFrancisco.us@SD,TLN Media San Francisco (720p),,Religious,no-safe-match
TomAndJerry.do@HD,Tom And Jerry (720p),,Kids,no-safe-match
TopStoriesbyNewsy.us@SD,Top Stories by Newsy (720p),,News,no-safe-match
CommunityTVChannel189.us@SD,Traverse Area Community Media CommunityTV Channel 189 (Traverse City MI) (1080p) [Geo-blocked],,General,no-safe-match
TSTV.us@SD,TSTV (720p),,Undefined,no-safe-match
TurismoHD.do@HD,Turismo HD (720p),,Entertainment,no-safe-match
TUTV.us@SD,TUTV (1080p),,Education,no-safe-match
TV4.us@SD,TV4 (360p),,Legislative,no-safe-match
TVDaja.do@SD,TV Daja (1080p) [Not 24/7],,General,no-safe-match
TVHispanic.us@SD,TV Hispanic [Not 24/7],,General,no-safe-match
TVPanou.ht@SD,TV Panou (720p) [Not 24/7],,General,no-safe-match
TVEInternacionalAmerica.es@SD,"like Gecko) Chrome/130.0.0.0 Safari/537.36"" group-title=""Undefined"",TVE Internacional America (720p)",,Undefined,no-safe-match
TVEInternacionalAmerica.es@HD,TVE Internacional America HD (1080p) [Geo-blocked],,Undefined,no-safe-match
TVSBowlingNetwork.us@SD,TVS Bowling Network (720p),,Sports,no-safe-match
TVSBoxing.us@SD,TVS Boxing (360p),,Sports,no-safe-match
TVSCipherNetwork.us@SD,TVS Cipher Network (360p),,Classic,no-safe-match
TVSClassicSports.us@SD,TVS Classic Sports (360p),,Sports,no-safe-match
TVSComedyNetwork.us@SD,TVS Comedy Network (720p),,Comedy,no-safe-match
TVSDriveInMovie.us@SD,TVS Drive In Movie (360p),,Movies,no-safe-match
TVSFamilyChannel.us@SD,TVS Family Channel (360p),,Family,no-safe-match
TVSFilmNoirNetwork.us@SD,TVS Film Noir Network (720p),,Movies,no-safe-match
TVSFlashbackNetwork.us@SD,TVS Flashback Network (360p),,Entertainment,no-safe-match
TVSHiTops.us@SD,TVS Hi Tops (720p),,Kids,no-safe-match
TVSHollywoodHistory.us@SD,TVS Hollywood History (582p),,Classic,no-safe-match
TVSMainstreet.us@SD,TVS Mainstreet (360p) [Not 24/7],,Classic,no-safe-match
TVSMusicNetwork.us@SD,TVS Music Network (720p),,Music,no-safe-match
TVSNostalgia.us@SD,TVS Nostalgia (472p),,Classic,no-safe-match
TVSNostalgiaMovies.us@SD,TVS Nostalgia Movies (480p),,Classic,no-safe-match
TVSPetParadeNetwork.us@SD,TVS Pet Parade Network (360p),,Classic,no-safe-match
TVSPinballNetwork.us@SD,TVS Pinball Network (480p),,Kids,no-safe-match
TVSQuizShowNetwork.us@SD,TVS Quiz Show Network (720p),,Classic,no-safe-match
TVSSelectNetwork.us@SD,TVS Select Network (720p),,General,no-safe-match
TVSSports.us@SD,TVS Sports (720p) [Not 24/7],,Sports,no-safe-match
TVSSportsBureau.us@SD,TVS Sports Bureau (720p),,Sports,no-safe-match
TVSTalkNetwork.us@SD,TVS Talk Network (360p),,Classic,no-safe-match
TVSTallyHo.us@SD,TVS Tally Ho (360p),,Classic,no-safe-match
TVSTavern.us@SD,TVS Tavern (480p),,Classic,no-safe-match
TVSTelevisionNetwork.us@SD,TVS Television Network (480p),,General,no-safe-match
TVSTravelNetwork.us@SD,TVS Travel Network (720p) [Not 24/7],,Travel,no-safe-match
TVSTurbo.us@SD,TVS Turbo (360p),,Sports,no-safe-match
TVSVintageNetwork.us@SD,TVS Vintage Network (360p),,Entertainment,no-safe-match
TVSWesternMovie.us@SD,TVS Western Movie (270p),,Classic,no-safe-match
TVSWomenSports.us@SD,TVS Women Sports (720p),,Sports,no-safe-match
TVSAGovernmentChannel.us@SD,TVSA Government Channel (720p),,Legislative,no-safe-match
TVSAPublicChannel.us@SD,TVSA Public Channel (720p),,General,no-safe-match
TVSConsumerDirect.us@SD,TVSConsumerDirect (720p),,Shop,no-safe-match
UCTV.us@SD,UCTV University of California (720p) [Not 24/7],,Education,no-safe-match
UniMas.us@Central,UniMas Central (720p),,Undefined,matched-but-zero-programmes
UniversalComedy.us@SD,"like Gecko) Chrome/124.0.0.0 Safari/537.36"" group-title=""Comedy;Movies;Series"",Universal Comedy (1080p)",,Comedy;Movies;Series,no-safe-match
USANetwork.us@East,USA Network (1080p),,Comedy;Movies;Series;Sports,matched-but-zero-programmes
VCAT.us@SD,Vallejo Community Access Television (V-CAT) (Vallejo CA) (480p),,General,no-safe-match
VallenatoInternacional.us@SD,Vallenato Internacional (720p) [Not 24/7],,Music,no-safe-match
VSCTV.us@SD,Valley Shore Community Television (VSCTV) (Clinton CT) (1080p),,General,no-safe-match
VBSTV.us@SD,VBS TV (480p) [Not 24/7],,General,no-safe-match
VegasLifeTV.us@HD,Vegas Life TV (1080p),,General,no-safe-match
VelayatTVNetwork.us@SD,Velayat TV (480p),,Religious,no-safe-match
VenevisionInternacional.ve@SD,Venevisión Internacional (720p),,General,no-safe-match
VevoRetroRock.us@SD,Vevo Retro Rock (1080p),,Music,no-safe-match
VICETV.us@SD,VICE TV (1080p),,Undefined,no-safe-match
VidaMejorTV.us@SD,Vida Mejor TV (480p),,Religious,no-safe-match
WHOHTV.us@SD,Village of Hastings-On-Hudson NY (WHOH-TV) (360p),,General,no-safe-match
VisionLatinaNetwork.us@SD,Vision Latina Network (1080p),,General,no-safe-match
VoATVPersian.us@SD,VOA Persian (1080p),,News,no-safe-match
VoATV.us@SD,VOA TV Africa (1080p),,News,no-safe-match
VSiN.us@SD,VSiN (720p),,Undefined,no-safe-match
KVTNDT251.us@HD,VTN Victory Television Network (720p),,Religious,no-safe-match
W14DKD141.us@HD,W14DK-D 14.1 TV Delmarva,,Religious,no-safe-match
W14DKD142.us@SD,W14DK-D 14.2 NEWSNET,,News,no-safe-match
WATCDT573.us@SD,WATC The Loop (1080p),,Religious,no-safe-match
WATCDT572.us@HD,WATC The POINT Network (1080p),,Undefined,no-safe-match
WATCDT571.us@HD,WATC TV57 (1080p),,Undefined,no-safe-match
WatchitKID.us@SD,Watch it KID! (720p),,Kids,no-safe-match
WBBJTV71.us@HD,WBBJ (Jackson TN) (432p),,Undefined,no-safe-match
WBTSCD151.us@HD,WBTS-CD1 (1080p),,Undefined,no-safe-match
WBTV641.us@HD,WBTV News (720p),,Undefined,no-safe-match
WCAU621.us@HD,WCAU-DT1 (1080p),,Undefined,no-safe-match
WCBITV41.us@HD,WCBI (Columbus MI) (720p),,Undefined,no-safe-match
WCCADT1.us@SD,WCCA 194 Worcester MA (WCCA-TV) (480p),,Undefined,no-safe-match
WCETVDigitalChannel318.us@SD,WCETV Digital Channel 31.8,,General,no-safe-match
WCOT.us@SD,WCOT 13 (Tallahassee FL) (720p),,General,no-safe-match
WDEFTV121.us@HD,WDEF-TV News Chattanooga TN (720p),,Undefined,no-safe-match
WEDQ34.us@HD,WEDQ-DT4 (1080p),,Undefined,no-safe-match
WeHoTV.us@SD,West Hollywood WeHoTV (West Hollywood CA) (360p),,Undefined,no-safe-match
Westerns4U.us@SD,Westerns 4U (1080p),,Classic,no-safe-match
WFLD501.us@HD,WFLD-DT1 (1080p),,Undefined,no-safe-match
WFTXTV361.us@HD,WFTX News Fort Myers FL (720p),,Undefined,no-safe-match
WFUTDT681.us@HD,WFUT-DT1 (720p) [Geo-blocked],,Undefined,no-safe-match
WFXT662.us@SD,WFXT-DT2 (1080p),,Undefined,no-safe-match
WGALDT3.us@SD,WGAL-DT3 (1080p) [Geo-blocked],,News,no-safe-match
WGBODT661.us@HD,WGBO-DT 66.1 (2160p),,Undefined,no-safe-match
WGGSTV162.us@SD,WGGS-DT2 (720p),,News,no-safe-match
WGNDT1.us@SD,WGN-DT1 (720p),,Undefined,no-safe-match
WGTV83.us@SD,WGTV-DT3 (1080p),,Undefined,no-safe-match
WHBQTV131.us@HD,WHBQ-DT1 (1080p),,Undefined,no-safe-match
WHIOTV71.us@HD,WHIO-DT1 (1080p),,Undefined,no-safe-match
Whiplash.us@HD,Whiplash (720p),,General,no-safe-match
WhiplashCinema.us@SD,Whiplash Cinema (480p),,Movies,no-safe-match
WhiplashII.us@SD,Whiplash II (480p),,General,no-safe-match
WhitePlainsCommunityMedia.us@SD,White Plains Community Media (360p),,Undefined,no-safe-match
CityTVWhittier.us@SD,Whittier CityTV (Whittier CA) (720p),,Legislative,no-safe-match
WHPSCD152.us@SD,WHPS Detroit,,General,no-safe-match
WildNOut.us@SD,Wild 'N Out,,Series,no-safe-match
WindowTV.us@SD,Window TV (720p),,Undefined,no-safe-match
WineWatchesWhiskey.us@HD,Wine Watches Whiskey (1080p),,Undefined,no-safe-match
WCATDT15.us@SD,Winthrop Community Access TV (WCAT 15) (360p) [Not 24/7],,Undefined,no-safe-match
Wired2FishTV.us@SD,Wired2Fish (720p) [Geo-blocked],,Undefined,no-safe-match
WITI61.us@HD,WITI-DT1 (1080p),,Undefined,no-safe-match
WITN22.us@SD,WITN 22 (Wilmington DE) (1080p) [Not 24/7],,General,no-safe-match
WJAXTV471.us@HD,WJAX-DT1 (1080p),,Undefined,no-safe-match
WJXT71.us@HD,WJXT News4JAX (Jacksonville FL) (720p),,Undefined,no-safe-match
WLMB.us@SD,WLMB (1080p),,Religious,no-safe-match
WLNGRadio.us@SD,WLNG Radio (410p) [Not 24/7],,Undefined,no-safe-match
WLTVDT231.us@HD,WLTV-DT 23.1 (720p),,Undefined,no-safe-match
WMBCTV631.us@HD,WMBC-DT1 (720p),,Undefined,no-safe-match
WMGTTV411.us@HD,WMGT-TV News (Macon GA) (720p),,Undefined,no-safe-match
WMPT222.us@SD,WMPT-DT2 (PBS Create),,Undefined,no-safe-match
WNBC471.us@HD,WNBC-DT1 (1080p),,Undefined,no-safe-match
WNYW51.us@HD,WNYW-DT1 (1080p),,Undefined,no-safe-match
WPIXHD.us@SD,WPIX-HD (576p),,Undefined,no-safe-match
WPSTV.us@SD,WPS TV (360p),,Education,no-safe-match
WPTVTV51.us@HD,WPTV News West Palm Beach FL (720p),,Undefined,no-safe-match
WPXI111.us@HD,WPXI-DT1 (1080p),,Undefined,no-safe-match
WRCDT1.us@SD,WRC-DT1 (1080p),,Undefined,no-safe-match
WSBDT1.us@SD,WSB-DT1 (1080p),,Undefined,no-safe-match
WSBSTV221.us@HD,WSBS-DT1 (1080p),,Undefined,no-safe-match
WSLFLD351.us@HD,WSLF-LD 35.1 (720p),,Undefined,no-safe-match
WSOCNow.us@SD,WSOC Now (1080p) [Geo-blocked],,News,no-safe-match
WSOCTV91.us@HD,WSOC-DT1 (1080p),,Undefined,no-safe-match
WTNH81.us@HD,WTNH-DT1 (720p),,Undefined,no-safe-match
WTTG51.us@HD,WTTG-DT1 (1080p),,Undefined,no-safe-match
WTVJ61.us@HD,WTVJ-DT1 (1080p),,Undefined,no-safe-match
WTVQDT361.us@HD,WTVQ ABC 36 News (Lexington KY) (720p),,Undefined,no-safe-match
WTVT131.us@HD,WTVT-DT1 (1080p),,Undefined,no-safe-match
WTXFTV291.us@HD,WTXF-DT1 (1080p),,Undefined,no-safe-match
WVCULP.us@SD,WVCU-LP Concord University Radio The Cure 97.7 (1080p),,Music,no-safe-match
WVIT301.us@HD,WVIT-DT1 (1080p),,Undefined,no-safe-match
WVVHCD181.us@HD,WVVH-CD 18.1 (720p),,Undefined,no-safe-match
WWONTVChannel48.us@SD,WWON TV CH 48,,Entertainment,no-safe-match
WWORTV91.us@HD,WWOR-DT1,,Undefined,no-safe-match
WXTVDT681.us@HD,WXTV-DT1,,Undefined,no-safe-match
WXXVTV251.us@HD,WXXV-TV News (Biloxi MS) (720p),,Undefined,no-safe-match
YouDotGov.us@SD,YouDotGov,,Legislative,no-safe-match
YoungHollywood.us@SD,Young Hollywood (1080p) [Geo-blocked],,Entertainment,no-safe-match
YuGiOhenespanol.us@SD,Yu-Gi-Oh! en espanol (1080p),,Undefined,no-safe-match
Yuma77.us@SD,Yuma77,,Legislative,no-safe-match
YumaChannel72.us@SD,Yuma AZ CH 72 (1080p),,Legislative,no-safe-match
YumaChannel73.us@SD,Yuma AZ CH 73 (1080p),,Legislative,no-safe-match
ZarinTV.us@SD,Zarin TV (1080p),,General,no-safe-match
ZoomNews.us@SD,Zoom TV Kurdish (720p),,News,no-safe-match
